﻿{
  "description": "Synthesia Ultimate \nResource Pack - Release 2.2 \nby MBMS Productions \n \nIf used in a video please credit MBMS for creating this pack.",
  "sameWidthNotes": "false",
  "previewImage": "Preview/Image.png",
  "blackKeyShader": "normal",
  "whiteKeyShader": "normal",
  "advancedBlackKeyOffsets": {
    "_switch": "SELECT SYNTHESIA VERSION",
    "Synthesia 9": [0.21,-0.21,0.35,0,-0.35],
    "Synthesia 10": [0.21,-0.21,0.35,0,-0.35],
    "Synthesia 8": [0,0,0,0,0],
    "Synthesia 7": [0,0,0,0,0]
  },
  "blackKeyScale": {
    "_switch": "SELECT SYNTHESIA VERSION",
    "Synthesia 9": 2,
    "Synthesia 10": 2,
    "Synthesia 8": 0.6,
    "Synthesia 7": 0.6
  },
  "blackNoteScale": {
    "_switch": "SELECT SYNTHESIA VERSION",
    "Synthesia 9": 0.3,
    "Synthesia 10": 0.3,
    "Synthesia 8": 1,
    "Synthesia 7": 1
  },
  "blackKey": {
    "_switch": "SELECT SYNTHESIA VERSION",
    "Synthesia 9": "Synthesia 10/blackKeys2.png",
    "Synthesia 10": "Synthesia 10/blackKeys2.png",
    "Synthesia 8": "Synthesia 8/blackKey.png",
    "Synthesia 7": "Synthesia 8/blackKey.png"
  },
  "noteShader": {
    "_switch": "SELECT SYNTHESIA VERSION",
    "Synthesia 9": "hybrid",
    "Synthesia 10": "normal",
    "Synthesia 8": "hybrid",
    "Synthesia 7": "hybrid"
  },
  "blackKeyPressed": {
    "_switch": "SELECT SYNTHESIA VERSION",
    "Synthesia 9": "Synthesia 10/blackKeysPressed2.png",
    "Synthesia 10": "Synthesia 10/blackKeysPressed2.png",
    "Synthesia 8": "Synthesia 8/blackKeyPressed.png",
    "Synthesia 7": "Synthesia 8/blackKeyPressed.png"
  },
  "whiteKey": {
    "_switch": "SELECT SYNTHESIA VERSION",
    "Synthesia 9": "Synthesia 10/whiteKeys.png",
    "Synthesia 10": "Synthesia 10/whiteKeys.png",
    "Synthesia 8": "Synthesia 8/whiteKeys.png",
    "Synthesia 7": "Synthesia 7/whiteKeys.png"
  },
  "whiteKeyPressed": {
    "_switch": "SELECT SYNTHESIA VERSION",
    "Synthesia 9": "Synthesia 10/whiteKeysPressed.png",
    "Synthesia 10": "Synthesia 10/whiteKeysPressed.png",
    "Synthesia 8": "Synthesia 8/whiteKeysPressed.png",
    "Synthesia 7": "Synthesia 7/whiteKeysPressed.png"
  },
  "bar": {
    "_switch": "SELECT SYNTHESIA VERSION",
    "Synthesia 9": "Synthesia 10/bar.png",
    "Synthesia 10": "Synthesia 10/bar.png",
    "Synthesia 8": "Synthesia 8/bar.png",
    "Synthesia 7": "Synthesia 7/bar.png"
  },
  "whiteKeysFullOctave": "true",
  "blackKeysFullOctave": {
    "_switch": "SELECT SYNTHESIA VERSION",
    "Synthesia 9": "true",
    "Synthesia 10": "true",
    "Synthesia 8": "false",
    "Synthesia 7": "false"
  },
  "blackKeyOversize": {
    "_switch": "SELECT SYNTHESIA VERSION",
    "Synthesia 9": {
      "_switch": "Shorter Keyboard",
      "Enable": 1.24,
      "Disable": 1.3
    },
    "Synthesia 10": {
      "_switch": "Shorter Keyboard",
      "Enable": 1.24,
      "Disable": 1.3
    },
    "Synthesia 8": 2.3,
    "Synthesia 7": 0
  },
  "blackKeyPressedOversize": {
    "_switch": "SELECT SYNTHESIA VERSION",
    "Synthesia 9": {
      "_switch": "Shorter Keyboard",
      "Enable": 0.6,
      "Disable": 0.5
    },
    "Synthesia 10": {
      "_switch": "Shorter Keyboard",
      "Enable": 0.6,
      "Disable": 0.5
    },
    "Synthesia 8": 2.3,
    "Synthesia 7": 0
  },
  "blackKeysWhiteShade": "true",
  "blackKeyHeight": {
    "_switch": "SELECT SYNTHESIA VERSION",
    "Synthesia 9": 36,
    "Synthesia 10": 36,
    "Synthesia 8": 38.25,
    "Synthesia 7": 38.25
  },
  "keyboardHeight": {
    "_switch": "SELECT SYNTHESIA VERSION",
    "Synthesia 9": {
      "_switch": "Shorter Keyboard",
      "Enable": 14.5,
      "Disable": 15.8
    },
    "Synthesia 10": {
      "_switch": "Shorter Keyboard",
      "Enable": 14.5,
      "Disable": 15.8
    },
    "Synthesia 8": 16,
    "Synthesia 7": 16.5
  },
  "whiteKeyRight": {
    "_switch": "SELECT SYNTHESIA VERSION",
    "Synthesia 9": "Synthesia 10/whiteRightKeys.png",
    "Synthesia 10": "Synthesia 10/whiteRightKeys.png",
    "Synthesia 8": "Synthesia 8/whiteRightKeys.png",
    "Synthesia 7": "Synthesia 7/whiteRightKeys.png"
  },
  "whiteKeyRightPressed": {
    "_switch": "SELECT SYNTHESIA VERSION",
    "Synthesia 9": "Synthesia 10/whiteRightKeysPressed.png",
    "Synthesia 10": "Synthesia 10/whiteRightKeysPressed.png",
    "Synthesia 8": "Synthesia 8/whiteRightKeysPressed.png",
    "Synthesia 7": "Synthesia 7/whiteRightKeysPressed.png"
  },
  "whiteKeyLeft": {
    "_switch": "SELECT SYNTHESIA VERSION",
    "Synthesia 9": "Synthesia 10/whiteLeftKeys.png",
    "Synthesia 10": "Synthesia 10/whiteLeftKeys.png",
    "Synthesia 8": "Synthesia 8/whiteLeftKeys.png",
    "Synthesia 7": "Synthesia 7/whiteLeftKeys.png"
  },
  "whiteKeyLeftPressed": {
    "_switch": "SELECT SYNTHESIA VERSION",
    "Synthesia 9": "Synthesia 10/whiteLeftKeysPressed.png",
    "Synthesia 10": "Synthesia 10/whiteLeftKeysPressed.png",
    "Synthesia 8": "Synthesia 8/whiteLeftKeysPressed.png",
    "Synthesia 7": "Synthesia 7/whiteLeftKeysPressed.png"
  },
  "barHeight": {
    "_switch": "SELECT SYNTHESIA VERSION",
    "Synthesia 9": 4.5,
    "Synthesia 10": 4.5,
    "Synthesia 8": 7,
    "Synthesia 7": 5
  },
  "notes": {
    "_switch": "SELECT SYNTHESIA VERSION",
    "Synthesia 9": [
      {
        "maxSize": 8,
        "keyType": "both",
        "alwaysStretch": "false",
        "useEndCaps": "true",
        "middleTexture": "Synthesia 9/note.png",
        "topTexture": "Synthesia 9/noteTopWhite.png",
        "bottomTexture": "Synthesia 9/noteBottomWhite.png",
        "topOversize": 0,
        "bottomOversize": 0,
        "darkenBlackNotes": 0.65,
        "squeezeEndCaps": {
          "_switch": "Squeeze Notes",
          "Yes": "true",
          "No": "false"
        }
      },
      {
        "maxSize": 8,
        "keyType": "black",
        "alwaysStretch": "false",
        "useEndCaps": "true",
        "middleTexture": "Synthesia 9/noteBlack.png",
        "topTexture": "Synthesia 9/noteTopBlack.png",
        "bottomTexture": "Synthesia 9/noteBottomBlack.png",
        "topOversize": 0,
        "bottomOversize": 0,
        "darkenBlackNotes": 0.65,
        "squeezeEndCaps": {
          "_switch": "Squeeze Notes",
          "Yes": "true",
          "No": "false"
        }
      }
    ],
    "Synthesia 10": [
      {
        "maxSize": 8,
        "keyType": "both",
        "alwaysStretch": "false",
        "useEndCaps": "true",
        "middleTexture": "Synthesia 10/note.png",
        "topTexture": "Synthesia 10/noteTopWhite.png",
        "bottomTexture": "Synthesia 10/noteBottomWhite.png",
        "topOversize": 0,
        "bottomOversize": 0,
        "darkenBlackNotes": 0,
        "squeezeEndCaps": {
          "_switch": "Squeeze Notes",
          "Yes": "true",
          "No": "false"
        }
      },
      {
        "maxSize": 8,
        "keyType": "black",
        "alwaysStretch": "false",
        "useEndCaps": "true",
        "middleTexture": "Synthesia 10/note.png",
        "topTexture": "Synthesia 10/noteTopBlack.png",
        "bottomTexture": "Synthesia 10/noteBottomBlack.png",
        "topOversize": 0,
        "bottomOversize": 0,
        "darkenBlackNotes": 0.7,
        "squeezeEndCaps": {
          "_switch": "Squeeze Notes",
          "Yes": "true",
          "No": "false"
        }
      }
    ],
    "Synthesia 8": [
      {
        "maxSize": 8,
        "keyType": "both",
        "alwaysStretch": "false",
        "useEndCaps": "true",
        "middleTexture": "Synthesia 9/note.png",
        "topTexture": "Synthesia 9/noteTopWhite.png",
        "bottomTexture": "Synthesia 9/noteBottomWhite.png",
        "topOversize": 0,
        "bottomOversize": 0,
        "darkenBlackNotes": 0.65,
        "squeezeEndCaps": {
          "_switch": "Squeeze Notes",
          "Yes": "true",
          "No": "false"
        }
      },
      {
        "maxSize": 8,
        "keyType": "black",
        "alwaysStretch": "false",
        "useEndCaps": "true",
        "middleTexture": "Synthesia 9/noteBlack.png",
        "topTexture": "Synthesia 9/noteTopBlack.png",
        "bottomTexture": "Synthesia 9/noteBottomBlack.png",
        "topOversize": 0,
        "bottomOversize": 0,
        "darkenBlackNotes": 0.65,
        "squeezeEndCaps": {
          "_switch": "Squeeze Notes",
          "Yes": "true",
          "No": "false"
        }
      }
    ],
    "Synthesia 7": [
      {
        "maxSize": 8,
        "keyType": "both",
        "alwaysStretch": "false",
        "useEndCaps": "true",
        "middleTexture": "Synthesia 9/note.png",
        "topTexture": "Synthesia 9/noteTopWhite.png",
        "bottomTexture": "Synthesia 9/noteBottomWhite.png",
        "topOversize": 0,
        "bottomOversize": 0,
        "darkenBlackNotes": 0.65,
        "squeezeEndCaps": {
          "_switch": "Squeeze Notes",
          "Yes": "true",
          "No": "false"
        }
      },
      {
        "maxSize": 8,
        "keyType": "black",
        "alwaysStretch": "false",
        "useEndCaps": "true",
        "middleTexture": "Synthesia 9/noteBlack.png",
        "topTexture": "Synthesia 9/noteTopBlack.png",
        "bottomTexture": "Synthesia 9/noteBottomBlack.png",
        "topOversize": 0,
        "bottomOversize": 0,
        "darkenBlackNotes": 0.65,
        "squeezeEndCaps": {
          "_switch": "Squeeze Notes",
          "Yes": "true",
          "No": "false"
        }
      }
    ]
  },
  "overlays": [
    {
      "firstKey": 0,
      "lastKey": 127,
      "alpha": 0.5,
      "texture": {
        "_switch": "Number Keyboard Overlay",
        "Disable": "Overlays/Empty.png",
        "Enable": {
          "_switch": "SELECT SYNTHESIA VERSION",
          "Synthesia 9": {
            "_switch": "Number Overlay Range",
            "C0 - C10": {
              "_switch": "Number Overlay Font Size",
              "Normal": "Overlays/Normal Musi.png",
              "Small": "Overlays/Small Musi.png"
            },
            "C-1 - C9": {
              "_switch": "Number Overlay Font Size",
              "Normal": "Overlays/Normal Original.png",
              "Small": "Overlays/Small Original.png"
            },
          },
          "Synthesia 10": {
            "_switch": "Number Overlay Range",
            "C0 - C10": {
              "_switch": "Number Overlay Font Size",
              "Normal": "Overlays/Normal Musi.png",
              "Small": "Overlays/Small Musi.png"
            },
            "C-1 - C9": {
              "_switch": "Number Overlay Font Size",
              "Normal": "Overlays/Normal Original.png",
              "Small": "Overlays/Small Original.png"
            },
          },
          "Synthesia 8": "Overlays/Empty.png",
          "Synthesia 7": "Overlays/Empty.png"
        }
      }
    }
  ],
  "switches": [
    {
      "name": "SELECT SYNTHESIA VERSION",
      "values": [
        "Synthesia 10",
        "Synthesia 9",
        "Synthesia 8",
        "Synthesia 7"
      ]
    },
    {
      "text": "With this setting you can change the way the whole pack looks. There are 4 different versions."
    },
    {
      "text": "----------------------------------------"
    },
    {
      "name": "Number Keyboard Overlay",
      "values": [
        "Enable",
        "Disable"
      ]
    },
    {
      "text": "----------------------------------------"
    },
    {
      "text": "(Number Overlay is not supported for Synthesia 7 and 8 packs.)"
    },
    {
      "name": "Shorter Keyboard",
      "values": [
        "Disable",
        "Enable"
      ]
    },
    {
      "text": "Shorter keyboard is to mimic recording Synthesia on a higher resolution than 1080p"
    },
    {
      "text": "(This setting is not available for Synthesia 7 and 8 .)"
    },
    {
      "text": "----------------------------------------"
    },
    {
      "name": "Squeeze Notes",
      "values": [
        "No",
        "Yes"
      ]
    },
    {
      "text": "This lets the note caps squeeze when the note is shorter than the actual caps."
    },
    {
      "text": "----------------------------------------"
    },
    {
      "name": "Number Overlay Range",
      "values": [
        "C0 - C10",
        "C-1 - C9"
      ]
    },
    {
      "text": "----------------------------------------"
    },
    {
      "name": "Number Overlay Font Size",
      "values": [
        "Normal",
        "Small"
      ]
    }
  ]
}